g.name,AVG(r.rating)
Western,4.285714285714286
Comedy,4.277108433734937
Adventure,4.388235294117646
Sci-Fi,4.225000000000001
Action,4.32222222222222
War,4.500000000000001
Drama,4.529411764705883
Thriller,4.1454545454545455
Musical,4.6818181818181825
Fantasy,4.29787234042553
Horror,3.4705882352941178
Children,4.547619047619048
Mystery,4.166666666666667
Crime,4.355555555555555
Film-Noir,5.0
Animation,4.689655172413794
Romance,4.3076923076923075